datetime,open,high,low,close,volume
2025-04-24 00:00:00+00:00,13416071.830454664,13432422.566642758,13076730.854739442,13415863.517823637,4508162452146
2025-04-25 00:00:00+00:00,13421778.168642553,13787009.316334188,13281700.241922138,13608967.552674124,5844921049989
2025-04-26 00:00:00+00:00,13608126.81741512,13685235.394379143,13494994.112193251,13598393.746859385,2530522649598
2025-04-27 00:00:00+00:00,13600402.48034992,13692397.151398081,13452213.558473073,13481243.799585242,2599132890912
2025-04-28 00:00:00+00:00,13488036.436698716,13722757.266957805,13334812.060535612,13505954.861338472,4655943399677
2025-04-29 00:00:00+00:00,13505067.197213508,13569798.042954428,13344634.744221661,13415523.71758101,3669263937373
2025-04-30 00:00:00+00:00,13412584.098060207,13622176.664342938,13265405.185656263,13472163.65576536,4032131093471
2025-05-01 00:00:00+00:00,13474417.861560281,14158142.143423628,13465946.871374916,14033073.852603385,4701942609835
2025-05-02 00:00:00+00:00,14024602.9458284,14103393.965147205,13987555.064152308,14042665.0568235,3840169137984
2025-05-03 00:00:00+00:00,14041481.573143052,14047168.475028094,13884505.054066291,13894721.535166927,2285819943410
2025-05-04 00:00:00+00:00,13892603.987712804,13956611.481994245,13617770.239542935,13638585.127819408,2636989951486
2025-05-05 00:00:00+00:00,13643890.686190564,13684210.902710615,13490898.535033548,13609515.36587521,3734476953920
2025-05-06 00:00:00+00:00,13614442.99993178,13862031.333015906,13300700.307605632,13846045.575859806,3815166099179
2025-05-07 00:00:00+00:00,13848381.024968393,13959530.310046969,13764981.827114627,13959530.310046969,11013421117116
2025-05-08 00:00:00+00:00,13960220.065658465,15161669.567325383,13928364.827074774,15076247.28351854,10055781935160
2025-05-09 00:00:00+00:00,15067956.795912702,15149627.744376993,14910620.687951801,14969438.237695025,8494201185370
2025-05-10 00:00:00+00:00,14972837.40619998,15263998.100630717,14949032.15264284,15220280.38998029,6147222807793
2025-05-11 00:00:00+00:00,15220970.241084637,15255412.116142942,15032798.106722469,15179123.061160695,6728779997815
2025-05-12 00:00:00+00:00,15184280.532459877,15509450.057610974,14960101.233858613,15250039.729897164,9225251965647
2025-05-13 00:00:00+00:00,15238313.365779908,15484914.590579608,15010305.872712467,15365516.164238773,7797404044468
2025-05-14 00:00:00+00:00,15366451.370594677,15366451.370594677,15031553.85118276,15182657.73398497,6779301748564
2025-05-15 00:00:00+00:00,15180137.850034114,15180572.36595853,14811195.5064233,15106957.828093732,7390503560918
2025-05-16 00:00:00+00:00,15101732.928469272,15261993.584537866,14989027.083969757,15072697.511516068,6461742190938
2025-05-17 00:00:00+00:00,15072697.223739743,15105854.654730508,14951795.4692372,15029265.26567834,5519734575088
2025-05-18 00:00:00+00:00,15028663.774873756,15495923.734518211,15022204.26533299,15473950.108275421,7265803883300
2025-05-19 00:00:00+00:00,15457864.139217041,15538348.333706124,14807666.85662988,15309675.324265417,8970124273118
2025-05-20 00:00:00+00:00,15311094.63941798,15506199.884958021,15104323.425697302,15415480.677069033,5294196036085
2025-05-21 00:00:00+00:00,15411034.272483828,15932050.88104318,15285151.842098854,15768417.031015042,11268628555028
2025-05-22 00:00:00+00:00,15759057.160849104,16156455.482021471,15673829.009590799,16060963.380865937,10080988815979
2025-05-23 00:00:00+00:00,16066551.161434786,16085430.64110048,15230764.711928407,15294414.885052798,9717691590070
2025-05-24 00:00:00+00:00,15293090.58748637,15603292.353321968,15238461.23455521,15366171.502997424,6543792864640
2025-05-25 00:00:00+00:00,15367755.9434473,15607807.848800909,15208251.170124732,15578458.181158604,6773935794627
2025-05-26 00:00:00+00:00,15571103.092174754,15763777.863950659,15519729.435856387,15611668.54630428,6562782772893
2025-05-27 00:00:00+00:00,15608245.279582009,15952315.535208782,15295873.482633341,15714411.526735533,8193467539859
2025-05-28 00:00:00+00:00,15709532.288839344,15752998.39159093,15477754.317319985,15697851.09196714,7084985757206
2025-05-29 00:00:00+00:00,15709243.880432159,15797239.27298722,15153646.576553429,15192183.143384377,8164297196361
2025-05-30 00:00:00+00:00,15187645.999516966,15294482.3832385,14934952.785808265,14980006.344818758,8288495257844
2025-05-31 00:00:00+00:00,14979450.77126631,15113752.609103853,14855777.349514237,15071985.2922544,5617268928293
2025-06-01 00:00:00+00:00,15072008.53342103,15232550.541377712,14955286.592615679,15191451.122052807,5386690770529
2025-06-02 00:00:00+00:00,15191861.551163029,15191861.551163029,14813247.34656673,15084730.371946756,6588621756140
2025-06-03 00:00:00+00:00,15081960.006737592,15367572.253340589,14975850.457870057,15166165.608154584,6579884177987
2025-06-04 00:00:00+00:00,15163570.8510468,15286474.867785312,14933581.062020622,14957507.65255544,6406441348891
2025-06-05 00:00:00+00:00,14950293.206366355,15188289.711719401,14424594.89942758,14580466.133909049,8203589165859
2025-06-06 00:00:00+00:00,14582447.828176636,15286007.439394694,14530935.10435046,15122504.63829755,7014068845548
2025-06-07 00:00:00+00:00,15122547.787527738,15351740.004933704,15064118.963445434,15300004.699504387,5557749526069
2025-06-08 00:00:00+00:00,15300277.499801993,15422318.472965958,15221734.765272483,15308156.04903406,5305858103790
2025-06-09 00:00:00+00:00,15307562.509345949,15984313.964935658,15224103.293803107,15940475.261425449,8088828762331
2025-06-10 00:00:00+00:00,15944675.49424243,15992468.047829147,15706166.178650111,15968891.104025677,7907610774428
2025-06-11 00:00:00+00:00,15969947.354755672,15995412.353874156,15606837.089300634,15678390.217837201,7363880001164
2025-06-12 00:00:00+00:00,15669990.39333092,15693102.27584312,15173846.299507665,15175978.493688654,7907215211124
2025-06-13 00:00:00+00:00,15157844.21708368,15301966.700832503,14719120.800526243,15288769.16712619,9952691268262
2025-06-14 00:00:00+00:00,15291236.163398517,15305023.280006807,15042110.323577655,15198938.180802146,5477314210926
2025-06-15 00:00:00+00:00,15198538.103022452,15298299.443827195,15062359.9352222,15211102.604430228,5295222188686
2025-06-16 00:00:00+00:00,15211616.493659362,15755444.099181527,15143229.425916128,15453793.357113358,7258334608978
2025-06-17 00:00:00+00:00,15451373.890513662,15610848.124691395,15017323.222112158,15204567.299631901,8097094721304
2025-06-18 00:00:00+00:00,15207170.774200357,15304786.448978893,15026613.332895027,15206718.921046913,6879159002760
2025-06-19 00:00:00+00:00,15204098.364135627,15269904.700767636,15142871.684490122,15202984.796021752,5411805983090
2025-06-20 00:00:00+00:00,15202887.492456526,15487896.587229995,14927352.761117985,15094049.710624184,7399768709172
2025-06-21 00:00:00+00:00,15094849.856628671,15197225.553224273,14745349.331410902,14940318.696616348,5604668905485
2025-06-22 00:00:00+00:00,14933689.356925188,15100189.961196912,14373495.130315699,14766087.07262224,9575282976037
2025-06-23 00:00:00+00:00,14765216.86339578,15478364.717425713,14599124.858112974,15398557.642460821,9538308458953
2025-06-24 00:00:00+00:00,15404953.6436307,15404953.6436307,15196683.170473276,15365919.300714808,7124230649375
2025-06-25 00:00:00+00:00,15370139.449083513,15761549.835793467,15348760.317685124,15555519.39726188,7482219309450
2025-06-26 00:00:00+00:00,15559805.000498593,15668346.300297495,15412572.877435522,15473078.55244279,6360422497995
2025-06-27 00:00:00+00:00,15473774.836595587,15565551.117391268,15410304.369150009,15490876.660583984,6561575723628
2025-06-28 00:00:00+00:00,15491183.130688883,15560231.694413744,15461300.94120039,15525488.688974522,4345104639074
2025-06-29 00:00:00+00:00,15525505.938437127,15698872.727957493,15511371.423562141,15661714.877788536,5140297190798
2025-06-30 00:00:00+00:00,15662436.89313311,15698559.551878937,15396396.351713192,15408460.934122635,6078763878862
2025-07-01 00:00:00+00:00,15408362.238055091,15439373.149584247,15134753.114010792,15160092.63764292,6343529244751
2025-07-02 00:00:00+00:00,15153811.211414574,15774957.874480791,15097205.423712315,15627136.948923636,8063921885064
2025-07-03 00:00:00+00:00,15621838.97149493,15989159.166928679,15603503.265803458,15870009.855824998,7247192241100
2025-07-04 00:00:00+00:00,15865649.752759797,15884295.39251219,15504507.976967383,15607972.919138784,6167131957841
2025-07-05 00:00:00+00:00,15605300.206481306,15658104.978993373,15580224.986163652,15636411.27779808,4423098106701
2025-07-06 00:00:00+00:00,15636411.544030054,15851940.415579293,15580910.088662429,15787229.114687406,5308783275025
2025-07-07 00:00:00+00:00,15783876.791342376,15879077.57415094,15720770.664544672,15805496.867432395,6562307018077
2025-07-08 00:00:00+00:00,15798762.239280622,16037365.007768877,15712851.837375702,16001281.830913527,6459976502452
2025-07-09 00:00:00+00:00,16002779.8971988,16374794.572693551,15941853.074689787,16270486.794523373,8508466056490
2025-07-10 00:00:00+00:00,16265974.837197108,17053303.008451078,16209171.602088401,16962635.960654955,14013356978092
2025-07-11 00:00:00+00:00,16965811.932025447,17477903.891587652,16866052.536584925,17321551.596626498,12715390134926
2025-07-12 00:00:00+00:00,17322969.304425683,17424549.287211362,17241360.4998274,17308895.992775686,6709910467772
2025-07-13 00:00:00+00:00,17308449.514884453,17580805.844053484,17283870.152305167,17549496.714650825,7225267742552
2025-07-14 00:00:00+00:00,17545695.942264672,18131394.565654032,17485561.8954806,17710710.362621512,26771156704548
2025-07-15 00:00:00+00:00,17712361.28930208,17712361.28930208,17231085.757979676,17520063.52609955,14530270054251
2025-07-16 00:00:00+00:00,17521947.96112221,17753267.81602833,17435719.31493374,17572942.67824213,10735689388865
2025-07-17 00:00:00+00:00,17573091.10139046,17980178.624910235,17419535.455105096,17707503.464800376,10709721949450
2025-07-18 00:00:00+00:00,17706454.031114947,17977819.076394815,17393528.95978931,17560068.99305685,11570222555924
2025-07-19 00:00:00+00:00,17559310.488546178,17641997.130042553,17468578.498788998,17549181.89311733,7078086275559
2025-07-20 00:00:00+00:00,17551272.04767053,17688314.9419645,17299420.154742394,17412128.635288816,8558878165128
2025-07-21 00:00:00+00:00,17414848.86231181,17730299.596766792,17286750.156588238,17314580.521201562,10365211539977
2025-07-22 00:00:00+00:00,17308665.82782074,17627367.636087876,17148788.661951527,17620426.808157608,11676671751671
2025-07-23 00:00:00+00:00,17611799.668630905,17611799.668630905,17215114.858330097,17383172.501664937,9776019996749
2025-07-24 00:00:00+00:00,17382311.296730902,17556670.299994625,17152762.775439005,17399958.381225735,10629117012161
2025-07-25 00:00:00+00:00,17401205.12773288,17437728.686488017,16912679.765456587,17358938.162800893,15414964716115
2025-07-26 00:00:00+00:00,17360260.785868287,17472973.98006267,17291847.254785616,17415636.30986,7158223544731
2025-07-27 00:00:00+00:00,17415247.00304208,17705270.628631372,17402689.94955327,17659145.36183338,8074330765548
2025-07-28 00:00:00+00:00,17654029.88152509,17726379.357426926,17444927.28180537,17516619.136871357,9579858659792
2025-07-29 00:00:00+00:00,17509162.233982544,17732625.177488703,17383913.86625768,17506486.22356001,10164032929517
2025-07-30 00:00:00+00:00,17502066.592727777,17689835.459779955,17295316.685885828,17589074.34715928,10225615585786
2025-07-31 00:00:00+00:00,17583782.300449014,17737926.538953852,17416916.96095744,17453964.10929055,10351824569682
2025-08-01 00:00:00+00:00,17454823.31347437,17488037.218711395,16611239.697768372,16701567.550945109,13768310685701
2025-08-02 00:00:00+00:00,16701613.001999224,16917955.496485442,16507972.679065727,16584781.726031622,8381855714491
2025-08-03 00:00:00+00:00,16584617.93508556,16899848.13059973,16498840.013051068,16821350.677679423,7089162909245
2025-08-04 00:00:00+00:00,16830133.602852188,17020822.078674175,16830133.602852188,16895026.664312467,5272390767465
2025-08-05 00:00:00+00:00,16892107.63628734,16911269.36758528,16609810.76004101,16841531.680263236,8960292543116
2025-08-06 00:00:00+00:00,16838980.69859793,17030880.029388722,16701181.827018758,16933443.894009877,8317500808406
2025-08-07 00:00:00+00:00,16931526.453417182,17291444.487502985,16831515.965046808,17249132.022338968,9427903230109
2025-08-08 00:00:00+00:00,17250394.544404287,17310433.88519635,17121610.439890783,17229684.216566723,8766167723414
2025-08-09 00:00:00+00:00,17228141.261862114,17409511.335226372,17181712.51644662,17196031.679991778,7974011595352
2025-08-10 00:00:00+00:00,17195641.193779197,17620388.15090196,17193788.673612013,17618327.72605361,9558227111845
2025-08-11 00:00:00+00:00,17616605.063987255,18055577.25472496,17503251.374969065,17589351.489220165,13367299214067
2025-08-12 00:00:00+00:00,17588793.356473856,17787903.262448393,17546265.547005318,17755877.49360192,10786335154152
2025-08-13 00:00:00+00:00,17757196.258198176,18203212.439752206,17587365.400270037,18150818.46477167,13432872289082
2025-08-14 00:00:00+00:00,18146061.86764979,18270512.1855171,17342407.534363266,17484698.62967794,15308976069307
2025-08-15 00:00:00+00:00,17480910.05069828,17551958.980109233,17186279.472386442,17268703.949364327,10140877013984
2025-08-16 00:00:00+00:00,17268714.99665853,17356624.86015625,17250111.798190445,17282383.839376345,7065988622803
2025-08-17 00:00:00+00:00,17282595.68444264,17435358.045491446,17251225.09607098,17301818.472329665,6744622514485
2025-08-18 00:00:00+00:00,17293929.955689743,17338563.497399416,16911831.028178427,17197301.38121996,10717287261565
2025-08-19 00:00:00+00:00,17194824.772399522,17253842.020119548,16653605.433083808,16668493.214052442,10599795273849
2025-08-20 00:00:00+00:00,16669550.364129243,16889022.115740824,16542867.389389327,16841239.923088536,10045609696220
2025-08-21 00:00:00+00:00,16833751.049353827,16924797.02184301,16617898.668168392,16677728.091494713,8517051266508
2025-08-22 00:00:00+00:00,16684018.82418499,17215131.022792082,16571452.869312635,17176983.852657896,12246326508260
2025-08-23 00:00:00+00:00,17175849.298056018,17194938.548796248,16833371.0630048,16955296.337795176,8138778274835
2025-08-24 00:00:00+00:00,16957215.64143381,16990677.136831652,16309242.263273748,16707969.77323346,10869306554832
2025-08-25 00:00:00+00:00,16708655.058453571,16743730.20180178,16152553.074737476,16281609.973752549,12621942166553
2025-08-26 00:00:00+00:00,16278049.705943566,16573287.992892722,16000282.15028834,16487928.92624306,10257851785800
2025-08-27 00:00:00+00:00,16487727.606533796,16660798.592254946,16325054.744494624,16383387.698644983,9164026743174
2025-08-28 00:00:00+00:00,16386848.173232216,16695767.056555077,16354524.671574363,16524484.33847895,8672367089264
2025-08-29 00:00:00+00:00,16526243.065157885,16545022.74781327,15816212.515323421,15942348.330241928,11430054806584
2025-08-30 00:00:00+00:00,15942137.573261527,16016426.781567913,15800235.184556264,15998594.824301178,7571309034141
2025-08-31 00:00:00+00:00,16000122.425501829,16099009.112466957,15908167.651993586,15925835.243750228,7055649706910
2025-09-01 00:00:00+00:00,15923641.442384074,16154850.043839848,15767791.24916832,16067047.97441922,9838604543604
2025-09-02 00:00:00+00:00,16069021.594067713,16547082.677965034,15979453.899087967,16514732.80865284,10999262918517
2025-09-03 00:00:00+00:00,16521047.583214838,16664780.693273079,16469115.142261157,16533080.415915586,9081339999767
2025-09-04 00:00:00+00:00,16531437.259250097,16602617.301509758,16266483.283988375,16426980.988836417,8897874325447
2025-09-05 00:00:00+00:00,16433731.264570516,16799466.540594295,16227899.040986141,16310173.301852832,8941185831552
2025-09-06 00:00:00+00:00,16310111.900508424,16402156.08013168,16217766.398627905,16244016.07796029,3169248273707
2025-09-07 00:00:00+00:00,16246840.218967073,16560273.707571361,16245409.781433398,16496340.92851392,3628742727355
2025-09-08 00:00:00+00:00,16487142.98464067,16657749.715870138,16385201.675436478,16516751.299532782,5964163420427
2025-09-09 00:00:00+00:00,16517657.105865335,16662878.496353101,16302737.955391936,16442447.096303528,6777054815378
2025-09-10 00:00:00+00:00,16439241.223683372,16842667.635366097,16353253.141139103,16790714.380414348,8309804729453
2025-09-11 00:00:00+00:00,16792957.178903565,17008076.073425036,16726031.53216712,17005866.72959904,6731991329636
2025-09-12 00:00:00+00:00,17006879.735544384,17234512.790673174,16903602.61513662,17149953.105110463,8066418963309
2025-09-13 00:00:00+00:00,17148768.227432184,17184378.49429406,17023907.091215093,17143857.142266978,5103475142777
2025-09-14 00:00:00+00:00,17129117.64840319,17178010.77632457,17018895.24304221,17045883.673379093,4845191909538
2025-09-15 00:00:00+00:00,17042015.57797313,17223697.875779573,16856371.054416135,17016458.7923282,7817770437311
2025-09-16 00:00:00+00:00,17013730.755895436,17136241.685490735,16852610.166492097,17104732.16404455,6748335976925
2025-09-17 00:00:00+00:00,17106677.041239083,17203470.238456026,16814768.501479987,17106312.02283041,8861938550133
2025-09-18 00:00:00+00:00,17106043.778194692,17435321.36182998,17069150.66064078,17333377.534032643,7264374787615
2025-09-19 00:00:00+00:00,17332412.497791998,17393394.532030012,17034445.066292103,17114547.609849755,5745300451155
2025-09-20 00:00:00+00:00,17114882.783012617,17187575.578978527,17082691.287721213,17118170.667851742,3382475218167
2025-09-21 00:00:00+00:00,17119393.65717731,17144668.672247425,17050351.44505532,17077255.77900358,3327698935673
2025-09-22 00:00:00+00:00,17078260.550519202,17104182.63487822,16550761.061848171,16654294.735141618,10468915278381
2025-09-23 00:00:00+00:00,16658238.179550437,16727017.05180153,16469899.542456757,16535770.866902988,6974848389834
2025-09-24 00:00:00+00:00,16532206.646630125,16955666.81986232,16449695.670093197,16858738.72747424,7091328646524
2025-09-25 00:00:00+00:00,16862193.881291196,16884997.8280627,16285574.76839928,16346978.986547822,11237774197529
2025-09-26 00:00:00+00:00,16342691.228554334,16504318.635977022,16288641.591231074,16410294.89277256,8653593417740
2025-09-27 00:00:00+00:00,16409443.736338152,16420117.09283779,16325255.754594028,16404140.999722116,3935025067101
2025-09-28 00:00:00+00:00,16404141.720056448,16795836.218208574,16337587.14160586,16750539.251383347,4991007385497
2025-09-29 00:00:00+00:00,16752705.196269652,17016133.664479714,16593937.11976422,17000278.757461168,8965249726776
2025-09-30 00:00:00+00:00,17002240.019008636,17074097.124125138,16681953.606816178,16877648.57589629,8766872827792
2025-10-01 00:00:00+00:00,16883329.45989238,17450607.569595393,16872495.073166393,17450607.569595393,10558399345005
2025-10-02 00:00:00+00:00,17455062.666157268,17818919.28590924,17421267.921952162,17757704.302612018,10505951077022
2025-10-03 00:00:00+00:00,17755519.503499877,18278299.16287218,17590302.91766212,18012915.098953333,12352563456110
2025-10-04 00:00:00+00:00,18013053.14878474,18099999.99866017,17926005.015487835,18051017.339030154,5417017673914
2025-10-05 00:00:00+00:00,18050168.344622016,18513077.53371242,18016593.268086344,18476504.046349417,10865121457574
2025-10-06 00:00:00+00:00,18473978.510615908,18965824.121840183,18446003.60631531,18755794.1225684,10854433385644
2025-10-07 00:00:00+00:00,18758189.153768502,18833896.0010982,18313573.704814143,18463585.177474603,11450104880220
2025-10-08 00:00:00+00:00,18467388.07319526,18977263.70468747,18452128.58414095,18821958.975690532,9937749520046
2025-10-09 00:00:00+00:00,18835843.1726717,18872910.757109515,18331720.548067383,18622779.670530133,11400890287402
2025-10-10 00:00:00+00:00,18624760.37434405,18704797.416010316,15812338.627064412,17117447.08751215,23433078928574
2025-10-11 00:00:00+00:00,17120783.01944036,17150007.2019369,16595248.591062127,16753597.313771674,16667274281927
2025-10-12 00:00:00+00:00,16754146.873948408,17580563.81928407,16588441.268066341,17510814.00129331,14168546058438
2025-10-13 00:00:00+00:00,17512779.994869266,17670366.518427495,17303822.9435178,17568234.019456655,10885568283720
2025-10-14 00:00:00+00:00,17573110.55735411,17622620.823253263,16721428.642872492,17168779.626391035,14058643067926
2025-10-15 00:00:00+00:00,17159842.02256339,17175165.140245926,16660713.469098214,16726393.345476603,11009786250654
2025-10-16 00:00:00+00:00,16727698.067357332,16911844.66895618,16173210.753873521,16241987.987658573,13182946849428
2025-10-17 00:00:00+00:00,16242518.000562074,16387225.674283458,15510864.682990314,16035645.351749778,14969879503685
2025-10-18 00:00:00+00:00,16038047.66169225,16189754.009090565,16022242.872512246,16148369.961837474,5690220390821
2025-10-19 00:00:00+00:00,16145505.728113357,16472618.928099686,15987894.054642629,16396231.102000011,7177383833300
2025-10-20 00:00:00+00:00,16400223.435203379,16820218.56508729,16214132.317171264,16673327.116754917,9584673752823
2025-10-21 00:00:00+00:00,16679231.83534238,17314272.367097568,16295385.745370844,16479562.510805722,15262506756310
2025-10-22 00:00:00+00:00,16476988.030689938,16567765.662619902,16223314.914505426,16363657.875295226,12272443921908
2025-10-23 00:00:00+00:00,16366494.02486769,16984510.599409413,16354397.971881807,16797446.89489204,8351101216576
2025-10-24 00:00:00+00:00,16798135.486102,17060906.59350953,16766886.407444663,16966649.65032304,7350019738725
2025-10-25 00:00:00+00:00,16966431.677394245,17106280.96402418,16916297.734588485,17059526.19561173,3775475788572
2025-10-26 00:00:00+00:00,17059722.231072202,17639096.695520498,17002492.510380916,17524174.253535077,6373538825430
2025-10-27 00:00:00+00:00,17523888.39771982,17786096.336507037,17396772.825292643,17426325.21408235,9454058226720
2025-10-28 00:00:00+00:00,17426541.81290843,17661517.097017385,17081698.290653516,17163916.961056944,9852887266612
2025-10-29 00:00:00+00:00,17135517.84699528,17269975.812354688,16734890.65893201,16810085.412705537,9437480897051
2025-10-30 00:00:00+00:00,16809044.360185128,17125296.459139254,16390201.07509172,16669225.780759595,10641116772229
2025-10-31 00:00:00+00:00,16669042.197305704,17096217.30340786,16666557.597331204,16870443.656236794,9248457164705
2025-11-01 00:00:00+00:00,16870823.49004792,17026873.686144598,16842231.925037626,16948205.230966296,3983952400983
2025-11-02 00:00:00+00:00,16948269.017404616,17118096.24623415,16877571.54506668,17064786.198472988,5279253218366
2025-11-03 00:00:00+00:00,17062146.2141806,17077734.833001465,16235937.488270331,16430266.808076559,11234038410261
2025-11-04 00:00:00+00:00,16430196.609755287,16529020.417840417,15204605.750216095,15597040.505519098,17112711927470
2025-11-05 00:00:00+00:00,15597346.684919113,16107537.21903484,15149350.733241089,16006310.838158712,11913055903608
2025-11-06 00:00:00+00:00,16008975.036189228,16039068.851870362,15357745.4938078,15493120.666625679,9851397888322
2025-11-07 00:00:00+00:00,15491137.696040876,15964110.648222841,15202978.48797421,15872313.188659659,14096560359785
2025-11-08 00:00:00+00:00,15872204.88224613,15872490.16580412,15578371.812286949,15704904.232524674,7899380690618
2025-11-09 00:00:00+00:00,15704423.148827087,16204041.922529982,15580035.505446238,16106644.915566524,9163447635921
2025-11-10 00:00:00+00:00,16109762.372790555,16395491.516152887,16043390.055962015,16335283.97310578,10704466618347
2025-11-11 00:00:00+00:00,16339804.23779357,16586977.034762913,15796017.30779891,15872734.26752368,10964962422769
2025-11-12 00:00:00+00:00,15872362.366996787,16225829.83821376,15594452.887715561,15728464.114994403,9914838618249
2025-11-13 00:00:00+00:00,15729834.643562708,16109150.92587211,15140433.397734126,15419313.600444695,15710135183427
2025-11-14 00:00:00+00:00,15416473.670985198,15421439.319505237,14527343.443735411,14588706.120616106,17682171676459
2025-11-15 00:00:00+00:00,14592211.695781976,14948901.770403717,14592211.695781976,14766636.536703117,5950093255320
2025-11-16 00:00:00+00:00,14767829.598969145,14874266.86360442,14371017.916727861,14563081.330059448,10986017692186
2025-11-17 00:00:00+00:00,14559704.21424347,14842612.911534498,14157175.986142846,14296330.703593118,14560521917826
2025-11-18 00:00:00+00:00,14300588.745603092,14575338.958531423,13846528.13703393,14457964.728389662,15735241271001
2025-11-19 00:00:00+00:00,14456273.495394131,14456273.495394131,13897974.408646416,14361473.474673826,12497198669077
2025-11-20 00:00:00+00:00,14358950.518704718,14649476.398657635,13548844.341552962,13627279.463520892,15381211752589
2025-11-21 00:00:00+00:00,13618521.264306374,13754132.377902165,12702980.770343816,13306906.947940748,20327738245965
2025-11-22 00:00:00+00:00,13308139.231423883,13371388.249453502,13055472.230105735,13237733.639447488,6379428825603
2025-11-23 00:00:00+00:00,13237773.031311432,13777668.11912263,13236704.193451911,13601238.001589607,9083378328045
2025-11-24 00:00:00+00:00,13600412.677844595,13986869.466716867,13390018.87410862,13851928.554186719,11662972747520
2025-11-25 00:00:00+00:00,13850249.93887983,13869962.445299855,13431227.358351903,13641799.372080375,10173488638281
2025-11-26 00:00:00+00:00,13642588.128691385,14171512.07750021,13484339.916799633,14144315.570021082,10386119032386
2025-11-27 00:00:00+00:00,14140843.765496055,14369579.684179015,14064079.587819776,14266141.88970665,8910985921877
2025-11-28 00:00:00+00:00,14267250.596411906,14528679.803884825,14094124.374395281,14198407.711187733,9517581853790
2025-11-29 00:00:00+00:00,14198325.01840841,14240314.829710515,14095481.98029525,14187864.173606616,5922053751646
2025-11-30 00:00:00+00:00,14185748.919818321,14361721.238949839,14094486.549490906,14094486.549490906,6012025001555
2025-12-01 00:00:00+00:00,14092611.303138424,14094022.084228087,13009809.646766288,13426500.150241645,13714338851154
2025-12-02 00:00:00+00:00,13428506.667734994,14394593.472303113,13414253.812117064,14232681.731079156,12218897023314
2025-12-03 00:00:00+00:00,14228437.327895647,14599399.862204265,14178208.161329359,14506489.716730945,12095242417255
2025-12-04 00:00:00+00:00,14496185.064962156,14618339.111399535,14100703.940421473,14296694.114120014,10010893693334
2025-12-05 00:00:00+00:00,14293153.766715307,14372894.922660422,13695610.935053783,13888626.314716024,9813281401989
2025-12-06 00:00:00+00:00,13883262.412923623,14021989.866528004,13819531.128028275,13869356.000708332,5900940034352
2025-12-07 00:00:00+00:00,13870200.686051339,14254233.806816397,13640540.072961958,14043958.440917805,7363271502350
2025-12-08 00:00:00+00:00,14043887.626923015,14342610.283514898,13980537.76839149,14130254.137823978,8913906221372
2025-12-09 00:00:00+00:00,14125844.27130504,14839413.673913468,13978558.398653911,14537141.730616093,10420138525723
2025-12-10 00:00:00+00:00,14535354.199707778,14721284.447582161,14331250.067826493,14331250.067826493,10258488265145
2025-12-11 00:00:00+00:00,14331381.780372018,14557424.98747492,13853001.587503253,14391063.920259608,10051424588769
2025-12-12 00:00:00+00:00,14386541.392487507,14441446.804203136,13947737.577477677,14060158.41641863,12483478039057
2025-12-13 00:00:00+00:00,14058193.985383306,14119719.090818726,13986952.690760806,14064474.812318517,10005414694668
2025-12-14 00:00:00+00:00,14064120.368835937,14095532.459512554,13654297.303485045,13740911.034444435,7860327063802
2025-12-15 00:00:00+00:00,13743085.224629108,14000013.019545272,13254803.533776727,13396621.537203953,7101288602224
2025-12-16 00:00:00+00:00,13398980.795002319,13633132.356333572,13216871.97019657,13596821.615461236,6397164325098
2025-12-17 00:00:00+00:00,13596438.981515396,14034019.283767207,13276927.877060141,13394512.758500487,6847682651469
2025-12-18 00:00:00+00:00,13394544.245085554,13912584.69812395,13131155.817116294,13297367.755256828,8189183431935
2025-12-19 00:00:00+00:00,13298348.779139275,14066101.903027972,13250497.322237631,13898756.056407776,7270752879483
2025-12-20 00:00:00+00:00,13898486.321391465,13960883.951275414,13870595.589988323,13934435.337525843,2317137671945
2025-12-21 00:00:00+00:00,13936067.321069216,14044604.182970244,13815685.771077573,13975073.999075966,3130561740240
2025-12-22 00:00:00+00:00,13969147.786438636,14261656.255972125,13796952.337665528,13879416.16404792,5997318399468
2025-12-23 00:00:00+00:00,13886002.725321619,13934955.389574049,13545894.106284462,13656951.552855933,6854810974909
2025-12-24 00:00:00+00:00,13650151.444156984,13721151.82703394,13471383.448510384,13667344.96946165,3990253912239
2025-12-25 00:00:00+00:00,13666776.37237856,13806157.049102305,13557150.357147135,13614268.199618682,3112674187794
2025-12-26 00:00:00+00:00,13618248.49531479,13977275.958237514,13545356.111782392,13669221.75301606,6627712954247
2025-12-27 00:00:00+00:00,13669221.901039321,13758115.329016337,13650674.986270035,13746744.430817088,2151528281968
2025-12-28 00:00:00+00:00,13746304.47796284,13772148.191721525,13681679.995043807,13741960.07078581,2372986492170
2025-12-29 00:00:00+00:00,13745196.537884522,14111819.751253432,13538169.700604638,13597791.068586105,7575810519994
2025-12-30 00:00:00+00:00,13592501.493530884,13954581.822124785,13559031.450770041,13832300.845565237,5551284742721
2025-12-31 00:00:00+00:00,13830494.716758683,13977240.97410326,13668694.493873073,13726812.58546064,5291086019965
2026-01-01 00:00:00+00:00,13726690.63822877,13923777.608089391,13709649.39361706,13910225.16923055,2956699441792
2026-01-02 00:00:00+00:00,13906778.438653426,14246871.948256647,13828667.47225156,14101978.82671469,7271914968488
2026-01-03 00:00:00+00:00,14102035.733410733,14218101.527698526,14005301.200383648,14206125.70312136,3257181500777
2026-01-04 00:00:00+00:00,14206095.676070107,14380073.092840113,14204857.592832036,14349564.428441936,4197478798627
2026-01-05 00:00:00+00:00,14352553.77071885,14805129.840146497,14352553.77071885,14704965.105174953,8380362820631
2026-01-06 00:00:00+00:00,14702622.767823067,14761925.808892384,14303981.40786057,14685683.07722362,8211466429839
2026-01-07 00:00:00+00:00,14684219.985124214,14685993.99814372,14196844.824795252,14311563.624336397,6809052121596
2026-01-08 00:00:00+00:00,14308220.87089194,14348679.134478435,14011474.856804023,14282866.195026537,6641995424542
2026-01-09 00:00:00+00:00,14279515.269206109,14525470.380474301,14127066.027385376,14290940.10381718,6009141605292
2026-01-10 00:00:00+00:00,14290467.142508253,14322507.035503639,14254673.563127916,14270975.624342434,1955585337611
2026-01-11 00:00:00+00:00,14270771.371627858,14365906.839472264,14255574.176811878,14365906.839472264,2710238883738
2026-01-12 00:00:00+00:00,14362391.016707359,14597938.63401615,14221804.318299066,14408241.558904933,6538131313953
2026-01-13 00:00:00+00:00,14405254.651268175,15278809.383807985,14405254.651268175,15174687.140128562,8685723227955
2026-01-14 00:00:00+00:00,15175407.050354926,15514695.57680122,15070815.806872658,15353040.590344653,9646324545337
2026-01-15 00:00:00+00:00,15356589.089381672,15384888.553857038,15082499.699914843,15155374.222960738,8410343570389
2026-01-16 00:00:00+00:00,15153876.872268725,15153876.872268725,14913179.463537771,15112557.991701476,5272810741424
2026-01-17 00:00:00+00:00,15112564.003859349,15123200.543791208,15029413.19373896,15044332.246871844,2534716541971
2026-01-18 00:00:00+00:00,15044531.003231991,15080783.184870575,14746423.41529643,14753602.904892458,3292003342028
2026-01-19 00:00:00+00:00,14755966.361304233,14756778.768384274,14509168.034663236,14640370.9482711,6175425873439
2026-01-20 00:00:00+00:00,14638786.290593266,14680163.76839696,13892831.224637361,13963649.475222258,8394312525043
2026-01-21 00:00:00+00:00,13969701.0441189,14299368.34905241,13792204.167422002,14161734.358830813,8909207094376
2026-01-22 00:00:00+00:00,14163256.188659482,14303374.154549219,14006124.79098284,14181632.196342077,5633336506458
2026-01-23 00:00:00+00:00,14178646.371332314,14271036.4588395,13936201.403809369,13936201.403809369,6180642916160
2026-01-24 00:00:00+00:00,13936555.368716668,13984117.186697816,13863748.385755245,13874093.79650001,2266860470251
2026-01-25 00:00:00+00:00,13873163.730263703,13886924.384817775,13294636.308036512,13436094.393021716,5624478793005
2026-01-26 00:00:00+00:00,13430873.939261176,13650104.007861335,13379629.04948535,13626415.771274889,7032879670313
2026-01-27 00:00:00+00:00,13625568.304909134,13638754.768259337,13315704.593708063,13582350.028782455,5981610790510
2026-01-28 00:00:00+00:00,13587742.931960788,13889141.392643971,13553031.265248414,13665038.252505016,6070352790668
2026-01-29 00:00:00+00:00,13650974.879252242,13655710.901242858,12738798.41865509,12951114.090686262,9897713562305
2026-01-30 00:00:00+00:00,12950602.110539077,13018489.300079128,12465681.001082875,13018489.300079128,11039483255669
2026-01-31 00:00:00+00:00,13018154.956903834,13019767.868128477,11732128.790572345,12166224.290190857,10906312958598
2026-02-01 00:00:00+00:00,12167000.011185646,12274777.67267223,11769665.159558369,11948696.587964064,8259129020266
2026-02-02 00:00:00+00:00,11946941.690715509,12332025.22547934,11562265.66737994,12237361.874801252,11663159525882
2026-02-03 00:00:00+00:00,12234715.98009743,12300577.635439597,11346410.159132035,11783499.085242085,10610894006897
2026-02-04 00:00:00+00:00,11785293.887463883,12017532.74247901,11256456.995814947,11457508.925719213,10472657817721
2026-02-05 00:00:00+00:00,11456853.033545187,11477897.322949208,9790222.107868915,9828543.365873149,19693430646691
2026-02-06 00:00:00+00:00,9832465.578690086,11268337.427473191,9413585.559157738,11091342.155557944,17981669270625
2026-02-07 00:00:00+00:00,11091091.901266996,11257156.92370746,10589724.108127927,10891160.693574727,9800996498118
2026-02-08 00:00:00+00:00,10891436.847077752,11374566.61868441,10817903.124862168,11049916.48833896,6244274656574
2026-02-09 00:00:00+00:00,11046281.000482505,11190715.084652089,10639031.901462706,10947571.87158156,8190214920136
2026-02-10 00:00:00+00:00,10950663.433508582,10985559.236299597,10480655.364580497,10627187.735095406,6337860338036
2026-02-11 00:00:00+00:00,10628526.159900457,10666904.130005917,10083399.896820705,10268674.450079484,7674448120376
2026-02-12 00:00:00+00:00,10267859.746069044,10474135.81332951,9951578.45525597,10122657.958157873,6843647368178
2026-02-13 00:00:00+00:00,10116494.691562362,10606463.732546123,10063997.510015026,10514935.32414439,6236853806983
2026-02-14 00:00:00+00:00,10514804.460770926,10762824.191214997,10493217.630847951,10653167.259015312,5499272388994
2026-02-15 00:00:00+00:00,10652759.675489316,10832075.111378388,10381413.962722348,10511832.833121154,6136988069148
2026-02-16 00:00:00+00:00,10509985.008850176,10746494.952239044,10320563.39700444,10578542.23670497,5136869430093
2026-02-17 00:00:00+00:00,10571303.950113187,10597504.701600665,10238918.977103274,10340563.738059746,5354044664094
2026-02-18 00:00:00+00:00,10334828.904312422,10518112.299882587,10191484.504116356,10279990.466346934,5067920702818
2026-02-19 00:00:00+00:00,10275426.498952352,10440381.300230805,10187326.53816716,10389631.583765762,4871672207068
2026-02-20 00:00:00+00:00,10391959.756408265,10607631.33124418,10324596.728827346,10541180.22658695,7373213087403
2026-02-21 00:00:00+00:00,10540378.206631452,10640224.821954098,10467963.200447338,10538881.303830173,2845525312700
2026-02-22 00:00:00+00:00,10538115.749119762,10574752.295471203,10412086.465797694,10445899.613235386,2773050190948
2026-02-23 00:00:00+00:00,10444539.776297394,10444539.776297394,9884508.06907906,9991621.33240967,7864604263391
2026-02-24 00:00:00+00:00,9993933.256399449,10059620.869571151,9756423.497705191,9987024.034976184,6318023066445
2026-02-25 00:00:00+00:00,9990232.33897704,10943223.53724505,9972853.741238806,10614684.09809727,8361222839016
2026-02-26 00:00:00+00:00,10613863.01766391,10744898.672000114,10390025.261886165,10514430.604150547,6714384270638
2026-02-27 00:00:00+00:00,10513796.313027853,10629094.320046967,10135220.489854554,10281251.22459448,6278624714429
2026-02-28 00:00:00+00:00,10280803.741363514,10566513.224663738,9841804.955111712,10454337.843732858,6560829024881
2026-03-01 00:00:00+00:00,10455933.545224467,10636467.254501706,10162316.854505267,10297517.002587704,6356203132249
2026-03-02 00:00:00+00:00,10296476.937000895,11024806.575581951,10284953.651563058,10815655.42725593,8881094642079
2026-03-03 00:00:00+00:00,10817880.304051215,10904742.274529094,10450282.978904957,10774586.58650172,7540817771363
2026-03-04 00:00:00+00:00,10773951.817523561,11633316.91391272,10625498.381409427,11415258.205440046,11844007919662
2026-03-05 00:00:00+00:00,11414432.981454978,11569463.214422213,11140920.99951808,11157548.512166623,8033112694250
2026-03-06 00:00:00+00:00,11162580.762784524,11241436.616875328,10694467.978447,10752108.822880521,6897925095354
2026-03-07 00:00:00+00:00,10752139.420898147,10811864.085579777,10566744.511042228,10614606.76407353,3670281197928
2026-03-08 00:00:00+00:00,10614591.984807495,10757432.638973229,10391571.150665054,10447162.114358583,5237685716036
2026-03-09 00:00:00+00:00,10450057.948705448,10967446.835292192,10434456.466517247,10801318.2792169,7841137366321
2026-03-10 00:00:00+00:00,10799232.763688136,11318772.610948756,10799232.763688136,11055201.016397998,8526002392595
2026-03-11 00:00:00+00:00,11056678.961288478,11334964.85822407,10911239.886021703,11168776.945245564,7152301897250
2026-03-12 00:00:00+00:00,11169601.339645846,11226108.080251323,11012004.192458203,11225810.116910059,6502261447044
2026-03-13 00:00:00+00:00,11225678.649504893,11767263.658618012,11211932.96449164,11336825.91936034,9740033890277
2026-03-14 00:00:00+00:00,11336364.466469605,11388413.539719652,11234990.889632672,11376184.134534514,3559685135044
2026-03-15 00:00:00+00:00,11376032.567250542,11674350.668401793,11323115.288574122,11612818.479028134,4471466530858
2026-03-16 00:00:00+00:00,11615821.581551593,11922250.400569877,11525949.408747237,11911808.29598044,8867249417485
2026-03-17 00:00:00+00:00,11912179.79829455,12113310.926521737,11667974.28983409,11745431.011845956,7877351802989
2026-03-18 00:00:00+00:00,11749304.927642806,11866634.082336666,11268278.918230483,11384491.29790834,7346252162596
2026-03-19 00:00:00+00:00,11386981.751908343,11430576.974572156,10907315.53337056,11042913.593879335,7132839475730
2026-03-20 00:00:00+00:00,11041407.28290437,11296318.757215638,11041407.28290437,11229666.127729129,6048726649182
2026-03-21 00:00:00+00:00,11229647.880465547,11313851.537176816,10923987.735495614,10941282.437827244,3361348838343
2026-03-22 00:00:00+00:00,10945410.11166818,11076755.574528504,10732970.404729167,10800863.082287785,4794256637229
2026-03-23 00:00:00+00:00,10797246.81888352,11371117.079146413,10751401.883237809,11239166.625176273,8197630482428
2026-03-24 00:00:00+00:00,11238630.34527936,11312111.798293235,10969341.911382517,11193405.622878263,6368188668241
2026-03-25 00:00:00+00:00,11192166.293910613,11435898.82684612,11176563.2944268,11366242.25749689,5619852638343
2026-03-26 00:00:00+00:00,11366285.805415737,11385580.085394338,10885066.966261225,10986262.885558613,6210255282982
2026-03-27 00:00:00+00:00,10987650.484587466,11026479.946794486,10508594.483139552,10633974.5701874,7424592866963
2026-03-28 00:00:00+00:00,10633995.294856029,10777359.9103865,10564785.42964606,10630185.34534985,3354237892987
2026-03-29 00:00:00+00:00,10630184.439663226,10747716.877428355,10422078.87835251,10572210.804916292,3469554735940
2026-03-30 00:00:00+00:00,10568732.45831484,10851044.424805194,10528177.155672567,10660960.54469381,6039998140803
2026-03-31 00:00:00+00:00,10660829.589921247,10877562.833974296,10529762.621579384,10822742.05609688,6872987470834
2026-04-01 00:00:00+00:00,10820951.78047965,10962542.309450097,10723261.426948963,10804100.42559998,5782992075593
2026-04-02 00:00:00+00:00,10804961.27487326,10888840.058873972,10490267.973634506,10668392.807388753,6241197866106
2026-04-03 00:00:00+00:00,10668663.695019318,10735233.28300324,10583273.132986533,10686218.519403826,3639033532681
2026-04-04 00:00:00+00:00,10687423.707011037,10779042.606933517,10660039.845540995,10743200.384540714,2535211410438
2026-04-05 00:00:00+00:00,10743308.51232645,11037927.539911764,10634654.361328742,11021307.271467,3667675251405
2026-04-06 00:00:00+00:00,11022011.076285677,11223240.821820967,10912978.200986914,10996277.321882809,6317998453951
2026-04-07 00:00:00+00:00,10996521.10880089,11545048.855915258,10838752.469246374,11423200.175773298,7130478314219
2026-04-08 00:00:00+00:00,11419945.7824369,11507454.41751998,11191580.741043448,11285027.713141529,6736822555128
2026-04-09 00:00:00+00:00,11283598.631809294,11623836.140314333,11195375.508398306,11419373.379131371,6155728198831
2026-04-10 00:00:00+00:00,11418677.4071414,11699487.46943723,11381861.606941376,11621552.607314384,6001336794310
2026-04-11 00:00:00+00:00,11621086.53239492,11749773.87912761,11554237.33580413,11633530.918427933,3708351286273
2026-04-12 00:00:00+00:00,11633814.358418481,11649417.373132532,11272876.611704342,11299018.608961236,4758678539446
2026-04-13 00:00:00+00:00,11298812.4960978,11926751.270821625,11272108.268232504,11859465.303625915,8347959081536
2026-04-14 00:00:00+00:00,11858637.316593233,12069179.802665949,11734128.663987026,11780262.475021765,8524904252164
2026-04-15 00:00:00+00:00,11780526.17372559,11981942.73399348,11689236.281207163,11880355.068140792,6048935525266
2026-04-16 00:00:00+00:00,11881238.665630057,12018607.585141331,11675852.288742548,11963617.779684601,6561172393458
2026-04-17 00:00:00+00:00,11967006.833484171,12375974.631544814,11884007.04259428,12235797.0859055,8619283330589
2026-04-18 00:00:00+00:00,12237251.657861786,12281773.312623106,11978484.946062678,12013587.572110198,4127058308566
2026-04-19 00:00:00+00:00,12013188.92664512,12095588.389325574,11734370.10690861,11756544.238214063,4907131606432
2026-04-20 00:00:00+00:00,11754773.739987515,12164622.292333953,11742251.495115155,12053298.968514448,6314655977398
2026-04-21 00:00:00+00:00,12052655.283646459,12235101.338048074,11945288.270451525,12169389.185488844,5790765099821
2026-04-22 00:00:00+00:00,12168577.32600612,12673308.000493718,12132487.408956885,12471191.706241036,7703416449691
2026-04-23 00:00:00+00:00,12472825.668919483,12537312.298527963,12309208.942066284,12504326.377248755,6436249555162
2026-04-24 00:00:00+00:00,12503311.090284277,12549810.061974475,12321851.324592214,12343663.480503578,5237556776629
2026-04-25 00:00:00+00:00,12343966.027168805,12411764.379337428,12301305.502232455,12369415.348787328,2661862315057
2026-04-26 00:00:00+00:00,12369590.916651925,12593872.404269135,12325247.864030045,12552681.41512621,3423842725743
2026-04-27 00:00:00+00:00,12553118.017675748,12676137.759459434,12189876.624046788,12329880.092006447,6085874821133
2026-04-28 00:00:00+00:00,12329963.762242695,12350825.202148937,12082107.893025333,12182780.747918293,5108828150974
2026-04-29 00:00:00+00:00,12181981.285930725,12445083.851090595,12021817.94254592,12137518.448736234,6615212235983
2026-04-30 00:00:00+00:00,12137113.236071639,12137113.236071639,11980426.637799144,11980426.637799144,4724536177807
2026-05-01 00:00:00+00:00,11979397.746332763,12357833.202139404,11977770.849223558,12279967.95694088,6148545068195
2026-05-02 00:00:00+00:00,12279770.890575362,12427582.507193556,12256714.688616594,12354930.004026603,2632817818663
2026-05-03 00:00:00+00:00,12354848.506811319,12450925.299330112,12263172.355515383,12319270.105533797,3226969385055
2026-05-04 00:00:00+00:00,12323700.859731467,12693930.19980171,12291840.30219358,12549226.23576827,8524110329876
2026-05-05 00:00:00+00:00,12549562.31751755,12905774.500356747,12543909.956725748,12761737.458207337,6241505314387
2026-05-06 00:00:00+00:00,12761239.72198831,12905868.603936194,12726421.915933656,12741413.935091604,6583424578714
2026-05-07 00:00:00+00:00,12742783.075255077,12747412.51817402,12458006.552831749,12548967.448737307,5779354209846
2026-05-08 00:00:00+00:00,12550243.149954077,12619158.855454814,12425494.236955885,12562462.330375774,5300169524863
2026-05-09 00:00:00+00:00,12562615.927485147,12694578.388285687,12551991.731336992,12637286.400630647,2835964185525
2026-05-10 00:00:00+00:00,12637480.561557075,12932016.605877278,12569323.36568883,12882533.101431666,4224624940606
2026-05-11 00:00:00+00:00,12885098.089880018,12914462.309358828,12633857.377619052,12848833.008512376,5084100200341
2026-05-12 00:00:00+00:00,12850617.020525644,12854969.29875172,12592765.439150687,12688806.323079428,5061083195505
2026-05-13 00:00:00+00:00,12689386.414535396,12827623.574089512,12424459.04472549,12513570.41054903,5372931762661
2026-05-14 00:00:00+00:00,12514566.454463637,12968197.293021237,12464659.296427652,12832722.912698794,6903429368825
2026-05-15 00:00:00+00:00,12836412.233224064,12932481.45199786,12478704.864517573,12550407.275570385,6047577334930
2026-05-16 00:00:00+00:00,12550841.213762607,12567520.966823643,12319647.959547091,12399107.001741534,4110667827778
2026-05-17 00:00:00+00:00,12399449.065451816,12465843.079906475,12198177.321375877,12301975.953947077,3316762367255
2026-05-18 00:00:00+00:00,12299226.052511102,12353301.383333437,12078927.685686108,12223766.770688169,6595554627213
2026-05-19 00:00:00+00:00,12225859.328872778,12292351.420666447,12110030.691233305,12204978.93930231,4135707211874
2026-05-20 00:00:00+00:00,12206789.312074356,12358484.936597858,12164163.72694858,12306202.73796584,4241529468831
2026-05-21 00:00:00+00:00,12307979.239784488,12412268.060157353,12213707.89938975,12331328.987035574,4312497045026
2026-05-22 00:00:00+00:00,12330886.193087041,12375018.038895793,11991937.210798204,12018105.204847671,4430423148552
2026-05-23 00:00:00+00:00,12018115.756818555,12304654.80114379,11821804.30636795,12206782.640277073,4771886313514
2026-05-24 00:00:00+00:00,12206351.486229459,12318094.337744972,12077451.39672926,12235408.086136378,3275282778078
2026-05-25 00:00:00+00:00,12236665.73650755,12367069.030700548,12207031.261493336,12282832.816136094,3148675925332
2026-05-26 00:00:00+00:00,12283956.369591223,12421319.351458011,12037460.66837086,12073953.244217329,5722247122151
